Sexo,Deporte
Mujer,Arquería
Mujer,Arquería
Mujer,Arquería
Mujer,Arquería
Mujer,Arquería
Mujer,Arquería
Mujer,Arquería
Mujer,Arquería
Mujer,Arquería
Mujer,Arquería
Mujer,Arquería
Mujer,Arquería
Mujer,Arquería
Mujer,Arquería
Mujer,Arquería
Mujer,Arquería
Mujer,Arquería
Mujer,Arquería
Mujer,Arquería
Mujer,Arquería
Mujer,Arquería
Mujer,Arquería
Mujer,Arquería
Mujer,Arquería
Mujer,Arquería
Mujer,Arquería
Mujer,Arquería
Mujer,Arquería
Mujer,Arquería
Mujer,Arquería
Mujer,Arquería
Mujer,Arquería
Mujer,Arquería
Mujer,Arquería
Mujer,Arquería
Mujer,Boxeo
Mujer,Boxeo
Mujer,Boxeo
Mujer,Boxeo
Mujer,Boxeo
Mujer,Boxeo
Mujer,Boxeo
Mujer,Boxeo
Mujer,Boxeo
Mujer,Boxeo
Mujer,Boxeo
Mujer,Boxeo
Mujer,Boxeo
Mujer,Boxeo
Mujer,Boxeo
Mujer,Ciclismo
Mujer,Ciclismo
Mujer,Ciclismo
Mujer,Ciclismo
Mujer,Ciclismo
Mujer,Ciclismo
Mujer,Ciclismo
Mujer,Ciclismo
Mujer,Ciclismo
Mujer,Ciclismo
Mujer,Ciclismo
Mujer,Ciclismo
Mujer,Ciclismo
Mujer,Ciclismo
Mujer,Ciclismo
Mujer,Ciclismo
Mujer,Ciclismo
Mujer,Ciclismo
Mujer,Ciclismo
Mujer,Ciclismo
Mujer,Ciclismo
Mujer,Ciclismo
Mujer,Ciclismo
Mujer,Ciclismo
Mujer,Ciclismo
Mujer,Ciclismo
Mujer,Ciclismo
Mujer,Ciclismo
Mujer,Ciclismo
Mujer,Ciclismo
Mujer,Ciclismo
Mujer,Ciclismo
Mujer,Ciclismo
Mujer,Ciclismo
Mujer,Ciclismo
Mujer,Ciclismo
Mujer,Ciclismo
Mujer,Ciclismo
Mujer,Ciclismo
Mujer,Ciclismo
Mujer,Ciclismo
Mujer,Ciclismo
Mujer,Ciclismo
Mujer,Ciclismo
Mujer,Ciclismo
Mujer,Ciclismo
Mujer,Ciclismo
Mujer,Ciclismo
Mujer,Ciclismo
Mujer,Ciclismo
Varon,Arquería
Varon,Arquería
Varon,Arquería
Varon,Arquería
Varon,Arquería
Varon,Arquería
Varon,Arquería
Varon,Arquería
Varon,Arquería
Varon,Arquería
Varon,Boxeo
Varon,Boxeo
Varon,Boxeo
Varon,Boxeo
Varon,Boxeo
Varon,Boxeo
Varon,Boxeo
Varon,Boxeo
Varon,Boxeo
Varon,Boxeo
Varon,Boxeo
Varon,Boxeo
Varon,Boxeo
Varon,Boxeo
Varon,Boxeo
Varon,Boxeo
Varon,Boxeo
Varon,Boxeo
Varon,Boxeo
Varon,Boxeo
Varon,Boxeo
Varon,Boxeo
Varon,Boxeo
Varon,Boxeo
Varon,Boxeo
Varon,Boxeo
Varon,Boxeo
Varon,Boxeo
Varon,Boxeo
Varon,Boxeo
Varon,Ciclismo
Varon,Ciclismo
Varon,Ciclismo
Varon,Ciclismo
Varon,Ciclismo
Varon,Ciclismo
Varon,Ciclismo
Varon,Ciclismo
Varon,Ciclismo
Varon,Ciclismo
Varon,Ciclismo
Varon,Ciclismo
Varon,Ciclismo
Varon,Ciclismo
Varon,Ciclismo
Varon,Ciclismo
Varon,Ciclismo
Varon,Ciclismo
Varon,Ciclismo
Varon,Ciclismo
Varon,Ciclismo
Varon,Ciclismo
Varon,Ciclismo
Varon,Ciclismo
Varon,Ciclismo
Varon,Ciclismo
Varon,Ciclismo
Varon,Ciclismo
Varon,Ciclismo
Varon,Ciclismo
Varon,Ciclismo
Varon,Ciclismo
Varon,Ciclismo
Varon,Ciclismo
Varon,Ciclismo
Varon,Ciclismo
Varon,Ciclismo
Varon,Ciclismo
Varon,Ciclismo
Varon,Ciclismo
Varon,Ciclismo
Varon,Ciclismo
Varon,Ciclismo
Varon,Ciclismo
Varon,Ciclismo
Varon,Ciclismo
Varon,Ciclismo
Varon,Ciclismo
Varon,Ciclismo
Varon,Ciclismo
Varon,Ciclismo
Varon,Ciclismo
Varon,Ciclismo
Varon,Ciclismo
Varon,Ciclismo
Varon,Ciclismo
Varon,Ciclismo
Varon,Ciclismo
Varon,Ciclismo
Varon,Ciclismo
